[{"model": "contenttypes.contenttype", "pk": 1, "fields": {"app_label": "admin", "model": "logentry"}}, {"model": "contenttypes.contenttype", "pk": 2, "fields": {"app_label": "auth", "model": "permission"}}, {"model": "contenttypes.contenttype", "pk": 3, "fields": {"app_label": "auth", "model": "group"}}, {"model": "contenttypes.contenttype", "pk": 4, "fields": {"app_label": "auth", "model": "user"}}, {"model": "contenttypes.contenttype", "pk": 5, "fields": {"app_label": "contenttypes", "model": "contenttype"}}, {"model": "contenttypes.contenttype", "pk": 6, "fields": {"app_label": "sessions", "model": "session"}}, {"model": "contenttypes.contenttype", "pk": 7, "fields": {"app_label": "questionnaire", "model": "questions"}}, {"model": "contenttypes.contenttype", "pk": 8, "fields": {"app_label": "questionnaire", "model": "answers"}}, {"model": "contenttypes.contenttype", "pk": 9, "fields": {"app_label": "questionnaire", "model": "categories"}}, {"model": "contenttypes.contenttype", "pk": 10, "fields": {"app_label": "questionnaire", "model": "responseinstances"}}, {"model": "contenttypes.contenttype", "pk": 11, "fields": {"app_label": "connect", "model": "connect"}}, {"model": "contenttypes.contenttype", "pk": 12, "fields": {"app_label": "connect", "model": "friendrequests"}}, {"model": "contenttypes.contenttype", "pk": 13, "fields": {"app_label": "Matchmaking", "model": "matchmaking"}}, {"model": "contenttypes.contenttype", "pk": 14, "fields": {"app_label": "Users", "model": "userprofile"}}, {"model": "contenttypes.contenttype", "pk": 15, "fields": {"app_label": "registration", "model": "gamer"}}, {"model": "contenttypes.contenttype", "pk": 16, "fields": {"app_label": "registration", "model": "preferenceevaluation"}}, {"model": "contenttypes.contenttype", "pk": 17, "fields": {"app_label": "registration", "model": "selfevaluation"}}, {"model": "contenttypes.contenttype", "pk": 18, "fields": {"app_label": "friendslist", "model": "friendship"}}, {"model": "sessions.session", "pk": "33xpbi9uy8tppxa52wzh1ykrbocbhpnr", "fields": {"session_data": "OTUxYWVmMTFlOTg5NzQyZTNhZDUyZjEyYzE4NzI5NjJiMmRlNDI1Mjp7Il9hdXRoX3VzZXJfaWQiOiIxIiwiX2F1dGhfdXNlcl9iYWNrZW5kIjoiZGphbmdvLmNvbnRyaWIuYXV0aC5iYWNrZW5kcy5Nb2RlbEJhY2tlbmQiLCJfYXV0aF91c2VyX2hhc2giOiI2NTQ2OWI4ZjAxMDAxOWZiYjg4MjJkYmVlMDRhY2U0NjZhN2IzMTZkIn0=", "expire_date": "2019-03-18T03:42:14.242Z"}}, {"model": "sessions.session", "pk": "3suyh8xem9wgcc8g5bvauazi489pdgln", "fields": {"session_data": "OTUxYWVmMTFlOTg5NzQyZTNhZDUyZjEyYzE4NzI5NjJiMmRlNDI1Mjp7Il9hdXRoX3VzZXJfaWQiOiIxIiwiX2F1dGhfdXNlcl9iYWNrZW5kIjoiZGphbmdvLmNvbnRyaWIuYXV0aC5iYWNrZW5kcy5Nb2RlbEJhY2tlbmQiLCJfYXV0aF91c2VyX2hhc2giOiI2NTQ2OWI4ZjAxMDAxOWZiYjg4MjJkYmVlMDRhY2U0NjZhN2IzMTZkIn0=", "expire_date": "2019-04-23T08:41:01.704Z"}}, {"model": "sessions.session", "pk": "4bw17mwjbz5gjbla5m5ztjpgrkbrup2i", "fields": {"session_data": "NWFjNzliYjFhYTY1YWZkNWNjN2IxZDYwODQxOGVjNmM3NGQzYjM2Zjp7Il9hdXRoX3VzZXJfaWQiOiIyIiwiX2F1dGhfdXNlcl9iYWNrZW5kIjoiZGphbmdvLmNvbnRyaWIuYXV0aC5iYWNrZW5kcy5Nb2RlbEJhY2tlbmQiLCJfYXV0aF91c2VyX2hhc2giOiIyMTE3OGY3ODIxNjczZGMyMmJkMmY4YzU1ZWU3NDM3MDlmNWFhMDBlIn0=", "expire_date": "2019-04-21T00:01:09.676Z"}}, {"model": "sessions.session", "pk": "4g5f30048ly3dcn1b43vbcnob5o4cjy2", "fields": {"session_data": "NWFjNzliYjFhYTY1YWZkNWNjN2IxZDYwODQxOGVjNmM3NGQzYjM2Zjp7Il9hdXRoX3VzZXJfaWQiOiIyIiwiX2F1dGhfdXNlcl9iYWNrZW5kIjoiZGphbmdvLmNvbnRyaWIuYXV0aC5iYWNrZW5kcy5Nb2RlbEJhY2tlbmQiLCJfYXV0aF91c2VyX2hhc2giOiIyMTE3OGY3ODIxNjczZGMyMmJkMmY4YzU1ZWU3NDM3MDlmNWFhMDBlIn0=", "expire_date": "2019-03-25T22:43:13.258Z"}}, {"model": "sessions.session", "pk": "c5vzwr5vgmydk791if64deyfms1ihbt2", "fields": {"session_data": "OTUxYWVmMTFlOTg5NzQyZTNhZDUyZjEyYzE4NzI5NjJiMmRlNDI1Mjp7Il9hdXRoX3VzZXJfaWQiOiIxIiwiX2F1dGhfdXNlcl9iYWNrZW5kIjoiZGphbmdvLmNvbnRyaWIuYXV0aC5iYWNrZW5kcy5Nb2RlbEJhY2tlbmQiLCJfYXV0aF91c2VyX2hhc2giOiI2NTQ2OWI4ZjAxMDAxOWZiYjg4MjJkYmVlMDRhY2U0NjZhN2IzMTZkIn0=", "expire_date": "2019-03-14T04:06:56.618Z"}}, {"model": "sessions.session", "pk": "m11cgec4d8sagk41hbdxxlmeh1ydoprz", "fields": {"session_data": "OTUxYWVmMTFlOTg5NzQyZTNhZDUyZjEyYzE4NzI5NjJiMmRlNDI1Mjp7Il9hdXRoX3VzZXJfaWQiOiIxIiwiX2F1dGhfdXNlcl9iYWNrZW5kIjoiZGphbmdvLmNvbnRyaWIuYXV0aC5iYWNrZW5kcy5Nb2RlbEJhY2tlbmQiLCJfYXV0aF91c2VyX2hhc2giOiI2NTQ2OWI4ZjAxMDAxOWZiYjg4MjJkYmVlMDRhY2U0NjZhN2IzMTZkIn0=", "expire_date": "2019-04-22T21:14:52.694Z"}}, {"model": "sessions.session", "pk": "q40kiixy613swgglq4m1ta83p04ki8e4", "fields": {"session_data": "NWFjNzliYjFhYTY1YWZkNWNjN2IxZDYwODQxOGVjNmM3NGQzYjM2Zjp7Il9hdXRoX3VzZXJfaWQiOiIyIiwiX2F1dGhfdXNlcl9iYWNrZW5kIjoiZGphbmdvLmNvbnRyaWIuYXV0aC5iYWNrZW5kcy5Nb2RlbEJhY2tlbmQiLCJfYXV0aF91c2VyX2hhc2giOiIyMTE3OGY3ODIxNjczZGMyMmJkMmY4YzU1ZWU3NDM3MDlmNWFhMDBlIn0=", "expire_date": "2019-04-23T23:01:51.918Z"}}, {"model": "sessions.session", "pk": "s45lnfp2gsei9hem3b1rnc9172l9h7kd", "fields": {"session_data": "OTUxYWVmMTFlOTg5NzQyZTNhZDUyZjEyYzE4NzI5NjJiMmRlNDI1Mjp7Il9hdXRoX3VzZXJfaWQiOiIxIiwiX2F1dGhfdXNlcl9iYWNrZW5kIjoiZGphbmdvLmNvbnRyaWIuYXV0aC5iYWNrZW5kcy5Nb2RlbEJhY2tlbmQiLCJfYXV0aF91c2VyX2hhc2giOiI2NTQ2OWI4ZjAxMDAxOWZiYjg4MjJkYmVlMDRhY2U0NjZhN2IzMTZkIn0=", "expire_date": "2019-04-23T22:19:00.401Z"}}, {"model": "sessions.session", "pk": "smc4vrfr2snzk4loc0qq1jpwthn4lo7b", "fields": {"session_data": "NWFjNzliYjFhYTY1YWZkNWNjN2IxZDYwODQxOGVjNmM3NGQzYjM2Zjp7Il9hdXRoX3VzZXJfaWQiOiIyIiwiX2F1dGhfdXNlcl9iYWNrZW5kIjoiZGphbmdvLmNvbnRyaWIuYXV0aC5iYWNrZW5kcy5Nb2RlbEJhY2tlbmQiLCJfYXV0aF91c2VyX2hhc2giOiIyMTE3OGY3ODIxNjczZGMyMmJkMmY4YzU1ZWU3NDM3MDlmNWFhMDBlIn0=", "expire_date": "2019-04-21T19:56:18.250Z"}}, {"model": "questionnaire.categories", "pk": 2, "fields": {"category": "General"}}, {"model": "questionnaire.categories", "pk": 3, "fields": {"category": "Shooter"}}, {"model": "questionnaire.categories", "pk": 4, "fields": {"category": "Strategy"}}, {"model": "questionnaire.categories", "pk": 5, "fields": {"category": "Sandbox"}}, {"model": "questionnaire.questions", "pk": 1, "fields": {"category": 2, "question": "How much do you game?", "answertype": "SINGLE"}}, {"model": "questionnaire.questions", "pk": 2, "fields": {"category": 2, "question": "What is your age?", "answertype": "MULTIPLE"}}, {"model": "questionnaire.questions", "pk": 3, "fields": {"category": null, "question": "This question has no answers and a NULL category.", "answertype": "SINGLE"}}, {"model": "questionnaire.questions", "pk": 4, "fields": {"category": null, "question": "How much do you communicate in-game?", "answertype": "SINGLE"}}, {"model": "questionnaire.questions", "pk": 5, "fields": {"category": null, "question": "Which class of character types are your favorite to play?", "answertype": "SINGLE"}}, {"model": "questionnaire.questions", "pk": 6, "fields": {"category": null, "question": "How much of a teacher are you?", "answertype": "SINGLE"}}, {"model": "questionnaire.questions", "pk": 7, "fields": {"category": null, "question": "Why do you normally play games/what is your motivation?", "answertype": "SINGLE"}}, {"model": "questionnaire.questions", "pk": 8, "fields": {"category": null, "question": "If I am in game and I hear my team staying back to make plans and strategize a way to attack the game\u2019s opposing team I will:", "answertype": "SINGLE"}}, {"model": "questionnaire.questions", "pk": 9, "fields": {"category": null, "question": "How much do you practice/watch guides on games you play?", "answertype": "SINGLE"}}, {"model": "questionnaire.questions", "pk": 10, "fields": {"category": null, "question": "Your teammate is tilting hard in the game and talking trash to everyone. Do you:", "answertype": "SINGLE"}}, {"model": "questionnaire.questions", "pk": 11, "fields": {"category": null, "question": "If you are getting really stomped in a game again and again and the people/person you are playing against seem to be either super good or hacking, what do you do?", "answertype": "SINGLE"}}, {"model": "questionnaire.answers", "pk": 1, "fields": {"belongsTo": 1, "answer": "Hardly ever, I don\u2019t even know why I am on a site about gaming.", "KNNvalue": 1.0}}, {"model": "questionnaire.answers", "pk": 2, "fields": {"belongsTo": 1, "answer": "I like to put in an hour or two on the weekends.", "KNNvalue": 2.0}}, {"model": "questionnaire.answers", "pk": 3, "fields": {"belongsTo": 1, "answer": "I tend to play a bit after work/school every other day if I have time.", "KNNvalue": 3.0}}, {"model": "questionnaire.answers", "pk": 4, "fields": {"belongsTo": 1, "answer": "I spend most of my free time playing games.", "KNNvalue": 4.0}}, {"model": "questionnaire.answers", "pk": 5, "fields": {"belongsTo": 1, "answer": "I only go to work to support my real career as noobSlayer69.", "KNNvalue": 5.0}}, {"model": "questionnaire.answers", "pk": 6, "fields": {"belongsTo": 2, "answer": "I'm underage :(", "KNNvalue": 1.0}}, {"model": "questionnaire.answers", "pk": 7, "fields": {"belongsTo": 2, "answer": "18 - 21", "KNNvalue": 2.0}}, {"model": "questionnaire.answers", "pk": 8, "fields": {"belongsTo": 3, "answer": "Now it has 1 answer", "KNNvalue": 0.0}}, {"model": "questionnaire.answers", "pk": 9, "fields": {"belongsTo": 2, "answer": "21-25", "KNNvalue": 3.0}}, {"model": "questionnaire.answers", "pk": 10, "fields": {"belongsTo": 2, "answer": "25-30", "KNNvalue": 4.0}}, {"model": "questionnaire.answers", "pk": 11, "fields": {"belongsTo": 2, "answer": "30+", "KNNvalue": 5.0}}, {"model": "questionnaire.answers", "pk": 12, "fields": {"belongsTo": 4, "answer": "I don\u2019t normally communicate with my teammates.", "KNNvalue": 1.0}}, {"model": "questionnaire.answers", "pk": 13, "fields": {"belongsTo": 4, "answer": "I only ever use text chat.", "KNNvalue": 2.0}}, {"model": "questionnaire.answers", "pk": 14, "fields": {"belongsTo": 4, "answer": "I use voice chat, but don\u2019t normally do callouts and prefer to just hangout in chat.", "KNNvalue": 3.0}}, {"model": "questionnaire.answers", "pk": 15, "fields": {"belongsTo": 4, "answer": "I use voice chat, do callouts, and tend to talk a lot in-game.", "KNNvalue": 4.0}}, {"model": "questionnaire.answers", "pk": 16, "fields": {"belongsTo": 5, "answer": "DPS", "KNNvalue": 4.0}}, {"model": "questionnaire.answers", "pk": 17, "fields": {"belongsTo": 5, "answer": "Special i.e. Mage/Thief", "KNNvalue": 3.0}}, {"model": "questionnaire.answers", "pk": 18, "fields": {"belongsTo": 5, "answer": "Tank", "KNNvalue": 2.0}}, {"model": "questionnaire.answers", "pk": 19, "fields": {"belongsTo": 5, "answer": "Healer/Support", "KNNvalue": 1.0}}, {"model": "questionnaire.answers", "pk": 20, "fields": {"belongsTo": 6, "answer": "I\u2019m a terrible teacher and have trouble/prefer not to listen to others when they try to teach me something in-game.", "KNNvalue": 5.0}}, {"model": "questionnaire.answers", "pk": 21, "fields": {"belongsTo": 6, "answer": "I don\u2019t teach other players, but I learn from others\u2019 teaching really well or at least I try to listen to them.", "KNNvalue": 4.0}}, {"model": "questionnaire.answers", "pk": 22, "fields": {"belongsTo": 6, "answer": "I don\u2019t often coach or teach other players, but when I see them making a big mistake in-game I will help by pointing it out.", "KNNvalue": 3.0}}, {"model": "questionnaire.answers", "pk": 23, "fields": {"belongsTo": 6, "answer": "I love coaching and teaching other players, I do it all the time in-game.", "KNNvalue": 2.0}}, {"model": "questionnaire.answers", "pk": 24, "fields": {"belongsTo": 6, "answer": "I am a professional coach for a game.", "KNNvalue": 1.0}}, {"model": "questionnaire.answers", "pk": 25, "fields": {"belongsTo": 7, "answer": "I play games just to pass time and never really get invested in them.", "KNNvalue": 1.0}}, {"model": "questionnaire.answers", "pk": 26, "fields": {"belongsTo": 7, "answer": "I play games casually and occasionally will get very invested in a game.", "KNNvalue": 2.0}}, {"model": "questionnaire.answers", "pk": 27, "fields": {"belongsTo": 7, "answer": "I play games on a daily basis, but still take time out of my day to do other things. I wouldn\u2019t really consider myself a casual gamer or a hardcore gamer, but somewhere in-between.", "KNNvalue": 3.0}}, {"model": "questionnaire.answers", "pk": 28, "fields": {"belongsTo": 7, "answer": "I play video games very rigorously, gaming matters a lot to me and I dedicate a lot of time to getting good at the games I enjoy.", "KNNvalue": 4.0}}, {"model": "questionnaire.answers", "pk": 29, "fields": {"belongsTo": 7, "answer": "I am a professional gamer for a esports team or am trying to be.", "KNNvalue": 5.0}}, {"model": "questionnaire.answers", "pk": 30, "fields": {"belongsTo": 8, "answer": "Disregard what my teammates are doing, they\u2019re taking to long anyways, I\u2019ll just rush in and do what I want. Leeroooooy Jeeeenkiiiiins!", "KNNvalue": 5.0}}, {"model": "questionnaire.answers", "pk": 31, "fields": {"belongsTo": 8, "answer": "Hang around my team, but not really listen to what they are saying. I\u2019ll just wait for them to start moving into action and then I\u2019ll follow them.", "KNNvalue": 4.0}}, {"model": "questionnaire.answers", "pk": 32, "fields": {"belongsTo": 8, "answer": "Wait and actively listen to what my team is saying, then put into motion the plan they laid out when it\u2019s time.", "KNNvalue": 3.0}}, {"model": "questionnaire.answers", "pk": 33, "fields": {"belongsTo": 8, "answer": "Strategize with them, maybe I can help and we will come up with the best plan of attack.", "KNNvalue": 2.0}}, {"model": "questionnaire.answers", "pk": 34, "fields": {"belongsTo": 8, "answer": "I\u2019m the one who asked my team to stay back to strategize.", "KNNvalue": 1.0}}, {"model": "questionnaire.answers", "pk": 35, "fields": {"belongsTo": 9, "answer": "That\u2019s a thing?", "KNNvalue": 1.0}}, {"model": "questionnaire.answers", "pk": 36, "fields": {"belongsTo": 9, "answer": "I might watch a good player on twitch/youtube in the background while I am doing other stuff.", "KNNvalue": 2.0}}, {"model": "questionnaire.answers", "pk": 37, "fields": {"belongsTo": 9, "answer": "I look up information for the games, so I know all the abilities and damage numbers.", "KNNvalue": 3.0}}, {"model": "questionnaire.answers", "pk": 38, "fields": {"belongsTo": 9, "answer": "I watch all the guides that come out and practice against bots if the games has a way to do that.", "KNNvalue": 4.0}}, {"model": "questionnaire.answers", "pk": 39, "fields": {"belongsTo": 9, "answer": "Not only do I watch all the guides but I make them too.", "KNNvalue": 5.0}}, {"model": "questionnaire.answers", "pk": 40, "fields": {"belongsTo": 10, "answer": "Talk trash back and let them know that they are messing up too.", "KNNvalue": 1.0}}, {"model": "questionnaire.answers", "pk": 41, "fields": {"belongsTo": 10, "answer": "Wait till end of match to let them know how you feel.", "KNNvalue": 2.0}}, {"model": "questionnaire.answers", "pk": 42, "fields": {"belongsTo": 10, "answer": "Just mute them and play as if they aren\u2019t there.", "KNNvalue": 3.0}}, {"model": "questionnaire.answers", "pk": 43, "fields": {"belongsTo": 10, "answer": "Try to calm them down and see what they want to change so you can win.", "KNNvalue": 4.0}}, {"model": "questionnaire.answers", "pk": 44, "fields": {"belongsTo": 10, "answer": "Try to figure out who hurt them and tell them everything will be ok.", "KNNvalue": 5.0}}, {"model": "questionnaire.answers", "pk": 45, "fields": {"belongsTo": 11, "answer": "Well looks like I need a new monitor and mouse, because I threw my mouse through my monitor.", "KNNvalue": 5.0}}, {"model": "questionnaire.answers", "pk": 46, "fields": {"belongsTo": 11, "answer": "I call them out for hacking and rage quit.", "KNNvalue": 4.0}}, {"model": "questionnaire.answers", "pk": 47, "fields": {"belongsTo": 11, "answer": "I ask my teammates if the person/s seem fishy and watch them.", "KNNvalue": 3.0}}, {"model": "questionnaire.answers", "pk": 48, "fields": {"belongsTo": 11, "answer": "I watch what they are doing and see if I can figure out a way to counter it or imitate.", "KNNvalue": 2.0}}, {"model": "questionnaire.answers", "pk": 49, "fields": {"belongsTo": 11, "answer": "I ask them if I can become their padawan.", "KNNvalue": 1.0}}, {"model": "auth.permission", "pk": 1, "fields": {"name": "Can add log entry", "content_type": 1, "codename": "add_logentry"}}, {"model": "auth.permission", "pk": 2, "fields": {"name": "Can change log entry", "content_type": 1, "codename": "change_logentry"}}, {"model": "auth.permission", "pk": 3, "fields": {"name": "Can delete log entry", "content_type": 1, "codename": "delete_logentry"}}, {"model": "auth.permission", "pk": 4, "fields": {"name": "Can view log entry", "content_type": 1, "codename": "view_logentry"}}, {"model": "auth.permission", "pk": 5, "fields": {"name": "Can add permission", "content_type": 2, "codename": "add_permission"}}, {"model": "auth.permission", "pk": 6, "fields": {"name": "Can change permission", "content_type": 2, "codename": "change_permission"}}, {"model": "auth.permission", "pk": 7, "fields": {"name": "Can delete permission", "content_type": 2, "codename": "delete_permission"}}, {"model": "auth.permission", "pk": 8, "fields": {"name": "Can view permission", "content_type": 2, "codename": "view_permission"}}, {"model": "auth.permission", "pk": 9, "fields": {"name": "Can add group", "content_type": 3, "codename": "add_group"}}, {"model": "auth.permission", "pk": 10, "fields": {"name": "Can change group", "content_type": 3, "codename": "change_group"}}, {"model": "auth.permission", "pk": 11, "fields": {"name": "Can delete group", "content_type": 3, "codename": "delete_group"}}, {"model": "auth.permission", "pk": 12, "fields": {"name": "Can view group", "content_type": 3, "codename": "view_group"}}, {"model": "auth.permission", "pk": 13, "fields": {"name": "Can add user", "content_type": 4, "codename": "add_user"}}, {"model": "auth.permission", "pk": 14, "fields": {"name": "Can change user", "content_type": 4, "codename": "change_user"}}, {"model": "auth.permission", "pk": 15, "fields": {"name": "Can delete user", "content_type": 4, "codename": "delete_user"}}, {"model": "auth.permission", "pk": 16, "fields": {"name": "Can view user", "content_type": 4, "codename": "view_user"}}, {"model": "auth.permission", "pk": 17, "fields": {"name": "Can add content type", "content_type": 5, "codename": "add_contenttype"}}, {"model": "auth.permission", "pk": 18, "fields": {"name": "Can change content type", "content_type": 5, "codename": "change_contenttype"}}, {"model": "auth.permission", "pk": 19, "fields": {"name": "Can delete content type", "content_type": 5, "codename": "delete_contenttype"}}, {"model": "auth.permission", "pk": 20, "fields": {"name": "Can view content type", "content_type": 5, "codename": "view_contenttype"}}, {"model": "auth.permission", "pk": 21, "fields": {"name": "Can add session", "content_type": 6, "codename": "add_session"}}, {"model": "auth.permission", "pk": 22, "fields": {"name": "Can change session", "content_type": 6, "codename": "change_session"}}, {"model": "auth.permission", "pk": 23, "fields": {"name": "Can delete session", "content_type": 6, "codename": "delete_session"}}, {"model": "auth.permission", "pk": 24, "fields": {"name": "Can view session", "content_type": 6, "codename": "view_session"}}, {"model": "auth.permission", "pk": 25, "fields": {"name": "Can add questions", "content_type": 7, "codename": "add_questions"}}, {"model": "auth.permission", "pk": 26, "fields": {"name": "Can change questions", "content_type": 7, "codename": "change_questions"}}, {"model": "auth.permission", "pk": 27, "fields": {"name": "Can delete questions", "content_type": 7, "codename": "delete_questions"}}, {"model": "auth.permission", "pk": 28, "fields": {"name": "Can view questions", "content_type": 7, "codename": "view_questions"}}, {"model": "auth.permission", "pk": 29, "fields": {"name": "Can add answers", "content_type": 8, "codename": "add_answers"}}, {"model": "auth.permission", "pk": 30, "fields": {"name": "Can change answers", "content_type": 8, "codename": "change_answers"}}, {"model": "auth.permission", "pk": 31, "fields": {"name": "Can delete answers", "content_type": 8, "codename": "delete_answers"}}, {"model": "auth.permission", "pk": 32, "fields": {"name": "Can view answers", "content_type": 8, "codename": "view_answers"}}, {"model": "auth.permission", "pk": 33, "fields": {"name": "Can add Category", "content_type": 9, "codename": "add_categories"}}, {"model": "auth.permission", "pk": 34, "fields": {"name": "Can change Category", "content_type": 9, "codename": "change_categories"}}, {"model": "auth.permission", "pk": 35, "fields": {"name": "Can delete Category", "content_type": 9, "codename": "delete_categories"}}, {"model": "auth.permission", "pk": 36, "fields": {"name": "Can view Category", "content_type": 9, "codename": "view_categories"}}, {"model": "auth.permission", "pk": 37, "fields": {"name": "Can add response intance", "content_type": 10, "codename": "add_responseintance"}}, {"model": "auth.permission", "pk": 38, "fields": {"name": "Can change response intance", "content_type": 10, "codename": "change_responseintance"}}, {"model": "auth.permission", "pk": 39, "fields": {"name": "Can delete response intance", "content_type": 10, "codename": "delete_responseintance"}}, {"model": "auth.permission", "pk": 40, "fields": {"name": "Can view response intance", "content_type": 10, "codename": "view_responseintance"}}, {"model": "auth.permission", "pk": 41, "fields": {"name": "Can add response instances", "content_type": 10, "codename": "add_responseinstances"}}, {"model": "auth.permission", "pk": 42, "fields": {"name": "Can change response instances", "content_type": 10, "codename": "change_responseinstances"}}, {"model": "auth.permission", "pk": 43, "fields": {"name": "Can delete response instances", "content_type": 10, "codename": "delete_responseinstances"}}, {"model": "auth.permission", "pk": 44, "fields": {"name": "Can view response instances", "content_type": 10, "codename": "view_responseinstances"}}, {"model": "auth.permission", "pk": 45, "fields": {"name": "Can add connect", "content_type": 11, "codename": "add_connect"}}, {"model": "auth.permission", "pk": 46, "fields": {"name": "Can change connect", "content_type": 11, "codename": "change_connect"}}, {"model": "auth.permission", "pk": 47, "fields": {"name": "Can delete connect", "content_type": 11, "codename": "delete_connect"}}, {"model": "auth.permission", "pk": 48, "fields": {"name": "Can view connect", "content_type": 11, "codename": "view_connect"}}, {"model": "auth.permission", "pk": 49, "fields": {"name": "Can add friend requests", "content_type": 12, "codename": "add_friendrequests"}}, {"model": "auth.permission", "pk": 50, "fields": {"name": "Can change friend requests", "content_type": 12, "codename": "change_friendrequests"}}, {"model": "auth.permission", "pk": 51, "fields": {"name": "Can delete friend requests", "content_type": 12, "codename": "delete_friendrequests"}}, {"model": "auth.permission", "pk": 52, "fields": {"name": "Can view friend requests", "content_type": 12, "codename": "view_friendrequests"}}, {"model": "auth.permission", "pk": 53, "fields": {"name": "Can add matchmaking", "content_type": 13, "codename": "add_matchmaking"}}, {"model": "auth.permission", "pk": 54, "fields": {"name": "Can change matchmaking", "content_type": 13, "codename": "change_matchmaking"}}, {"model": "auth.permission", "pk": 55, "fields": {"name": "Can delete matchmaking", "content_type": 13, "codename": "delete_matchmaking"}}, {"model": "auth.permission", "pk": 56, "fields": {"name": "Can view matchmaking", "content_type": 13, "codename": "view_matchmaking"}}, {"model": "auth.permission", "pk": 57, "fields": {"name": "Can add user profile", "content_type": 14, "codename": "add_userprofile"}}, {"model": "auth.permission", "pk": 58, "fields": {"name": "Can change user profile", "content_type": 14, "codename": "change_userprofile"}}, {"model": "auth.permission", "pk": 59, "fields": {"name": "Can delete user profile", "content_type": 14, "codename": "delete_userprofile"}}, {"model": "auth.permission", "pk": 60, "fields": {"name": "Can view user profile", "content_type": 14, "codename": "view_userprofile"}}, {"model": "auth.permission", "pk": 61, "fields": {"name": "Can add gamer", "content_type": 15, "codename": "add_gamer"}}, {"model": "auth.permission", "pk": 62, "fields": {"name": "Can change gamer", "content_type": 15, "codename": "change_gamer"}}, {"model": "auth.permission", "pk": 63, "fields": {"name": "Can delete gamer", "content_type": 15, "codename": "delete_gamer"}}, {"model": "auth.permission", "pk": 64, "fields": {"name": "Can view gamer", "content_type": 15, "codename": "view_gamer"}}, {"model": "auth.permission", "pk": 65, "fields": {"name": "Can add preference evaluation", "content_type": 16, "codename": "add_preferenceevaluation"}}, {"model": "auth.permission", "pk": 66, "fields": {"name": "Can change preference evaluation", "content_type": 16, "codename": "change_preferenceevaluation"}}, {"model": "auth.permission", "pk": 67, "fields": {"name": "Can delete preference evaluation", "content_type": 16, "codename": "delete_preferenceevaluation"}}, {"model": "auth.permission", "pk": 68, "fields": {"name": "Can view preference evaluation", "content_type": 16, "codename": "view_preferenceevaluation"}}, {"model": "auth.permission", "pk": 69, "fields": {"name": "Can add self evaluation", "content_type": 17, "codename": "add_selfevaluation"}}, {"model": "auth.permission", "pk": 70, "fields": {"name": "Can change self evaluation", "content_type": 17, "codename": "change_selfevaluation"}}, {"model": "auth.permission", "pk": 71, "fields": {"name": "Can delete self evaluation", "content_type": 17, "codename": "delete_selfevaluation"}}, {"model": "auth.permission", "pk": 72, "fields": {"name": "Can view self evaluation", "content_type": 17, "codename": "view_selfevaluation"}}, {"model": "auth.permission", "pk": 73, "fields": {"name": "Can add friendship", "content_type": 18, "codename": "add_friendship"}}, {"model": "auth.permission", "pk": 74, "fields": {"name": "Can change friendship", "content_type": 18, "codename": "change_friendship"}}, {"model": "auth.permission", "pk": 75, "fields": {"name": "Can delete friendship", "content_type": 18, "codename": "delete_friendship"}}, {"model": "auth.permission", "pk": 76, "fields": {"name": "Can view friendship", "content_type": 18, "codename": "view_friendship"}}, {"model": "auth.user", "pk": 1, "fields": {"password": "pbkdf2_sha256$120000$y0ekszDGrIyM$oNRv8qBsrm0hp91WZvCQKoZDBIz+j0IcDnneRED7EwU=", "last_login": "2019-04-09T22:19:00.254Z", "is_superuser": true, "username": "karen", "first_name": "", "last_name": "", "email": "kcp36@txstate.edu", "is_staff": true, "is_active": true, "date_joined": "2019-02-28T04:06:37.195Z", "groups": [], "user_permissions": []}}, {"model": "auth.user", "pk": 2, "fields": {"password": "pbkdf2_sha256$120000$41d6Gh4isXNB$JOXoLDmAtHI1Deo/07OD8Q6+OxjEn1quW5byVuXQZbk=", "last_login": "2019-04-09T23:01:51.883Z", "is_superuser": true, "username": "Hackerman", "first_name": "", "last_name": "", "email": "jordan.severinson@g.austincc.edu", "is_staff": true, "is_active": true, "date_joined": "2019-03-11T22:42:41.558Z", "groups": [], "user_permissions": []}}, {"model": "auth.user", "pk": 3, "fields": {"password": "pbkdf2_sha256$120000$mf55nydNopkQ$V6VQkXczAIgOlRj4Fg74U3h2+dU4uHe29vDdjykWFco=", "last_login": "2019-03-30T06:21:44.769Z", "is_superuser": false, "username": "tester", "first_name": "", "last_name": "", "email": "kcp36@txstate.edu", "is_staff": false, "is_active": true, "date_joined": "2019-03-30T05:44:33.119Z", "groups": [], "user_permissions": []}}, {"model": "auth.user", "pk": 4, "fields": {"password": "pbkdf2_sha256$120000$zPPwOayitwRl$gFQvX4VU4fO6QqwR9SlAnhiAm4BRKJhE8TpgXKQIaVw=", "last_login": null, "is_superuser": false, "username": "JoeMomma", "first_name": "", "last_name": "", "email": "JoMomma@email.com", "is_staff": false, "is_active": true, "date_joined": "2019-04-03T20:59:22.535Z", "groups": [], "user_permissions": []}}, {"model": "auth.user", "pk": 5, "fields": {"password": "pbkdf2_sha256$120000$MdD9H6xL2ZpH$1EUV9o72V+LPSflk2EOBlUfsHfSmW+ZJAXLK6b0fMSA=", "last_login": "2019-04-03T21:36:23.745Z", "is_superuser": false, "username": "Google", "first_name": "", "last_name": "", "email": "Google@google.google", "is_staff": false, "is_active": true, "date_joined": "2019-04-03T21:32:01.633Z", "groups": [], "user_permissions": []}}, {"model": "auth.user", "pk": 6, "fields": {"password": "pbkdf2_sha256$120000$8j3mgfEeHw9a$W++36SeawWlbh8/XPAuTqpo1At2WYHnskhBCLHPgbJI=", "last_login": null, "is_superuser": false, "username": "Google1", "first_name": "", "last_name": "", "email": "Google@google.google", "is_staff": false, "is_active": true, "date_joined": "2019-04-03T21:33:13.406Z", "groups": [], "user_permissions": []}}, {"model": "auth.user", "pk": 7, "fields": {"password": "pbkdf2_sha256$120000$0z2k8BJP3VLt$QdL6oZg9evA67FSfnIL6p0XitsUFGKqq66g4Cf4flWg=", "last_login": null, "is_superuser": false, "username": "JoeMomma1", "first_name": "", "last_name": "", "email": "JoMomma@email.com", "is_staff": false, "is_active": true, "date_joined": "2019-04-04T19:20:59.657Z", "groups": [], "user_permissions": []}}, {"model": "auth.user", "pk": 8, "fields": {"password": "pbkdf2_sha256$120000$LQvwP2kuIJrt$/p78MDK88nwnmlPQMyrSHKNtHlQLpVZiCRB7oVZTV/c=", "last_login": null, "is_superuser": false, "username": "anyName", "first_name": "", "last_name": "", "email": "g@g.com", "is_staff": false, "is_active": true, "date_joined": "2019-04-04T19:29:36.522Z", "groups": [], "user_permissions": []}}, {"model": "auth.user", "pk": 9, "fields": {"password": "pbkdf2_sha256$120000$XXZl2k6V1mei$O5zN0tmepa1TNsIoir2fPFTvxPqCNinZJQjPDTsRRHA=", "last_login": null, "is_superuser": false, "username": "1", "first_name": "", "last_name": "", "email": "g@g.com", "is_staff": false, "is_active": true, "date_joined": "2019-04-04T19:30:21.976Z", "groups": [], "user_permissions": []}}, {"model": "auth.user", "pk": 10, "fields": {"password": "pbkdf2_sha256$120000$nkIIZ9wXblKU$E9pO9NMXSKFxolgHmF6+2cHQUcy3PYhWSXDyasYFdd0=", "last_login": null, "is_superuser": false, "username": "anyName2", "first_name": "", "last_name": "", "email": "g@g.com", "is_staff": false, "is_active": true, "date_joined": "2019-04-04T19:31:08.855Z", "groups": [], "user_permissions": []}}, {"model": "auth.user", "pk": 11, "fields": {"password": "pbkdf2_sha256$120000$McGViKIX7FwH$YW6pp1tcjfT8xXtH2h4IsLkEJ/zn53SPDuE0K1Laec8=", "last_login": null, "is_superuser": false, "username": "anyName3", "first_name": "", "last_name": "", "email": "g@g.com", "is_staff": false, "is_active": true, "date_joined": "2019-04-04T19:33:00.341Z", "groups": [], "user_permissions": []}}, {"model": "auth.user", "pk": 12, "fields": {"password": "pbkdf2_sha256$120000$CwhnRPJ19yIO$HZiNGeKQ9slm8h/reBc2fl2HzNm78jLzIBNdqOBcG7U=", "last_login": null, "is_superuser": false, "username": "name2", "first_name": "", "last_name": "", "email": "LinuxMaster@epicgamer.com", "is_staff": false, "is_active": true, "date_joined": "2019-04-04T19:33:41.979Z", "groups": [], "user_permissions": []}}, {"model": "questionnaire.responseinstances", "pk": 45, "fields": {"user": null, "question": 1, "answer": 1}}, {"model": "questionnaire.responseinstances", "pk": 46, "fields": {"user": null, "question": 2, "answer": 7}}, {"model": "questionnaire.responseinstances", "pk": 47, "fields": {"user": null, "question": 3, "answer": 8}}, {"model": "questionnaire.responseinstances", "pk": 48, "fields": {"user": 5, "question": 1, "answer": 5}}, {"model": "questionnaire.responseinstances", "pk": 49, "fields": {"user": 5, "question": 2, "answer": 6}}, {"model": "questionnaire.responseinstances", "pk": 50, "fields": {"user": 5, "question": 3, "answer": 8}}, {"model": "questionnaire.responseinstances", "pk": 53, "fields": {"user": 1, "question": 1, "answer": 4}}, {"model": "questionnaire.responseinstances", "pk": 54, "fields": {"user": 1, "question": 2, "answer": 7}}, {"model": "questionnaire.responseinstances", "pk": 55, "fields": {"user": 1, "question": 3, "answer": 8}}, {"model": "connect.friendrequests", "pk": 1, "fields": {"user": 6, "friendship": false, "request": [1]}}, {"model": "connect.friendrequests", "pk": 2, "fields": {"user": 2, "friendship": false, "request": [5]}}, {"model": "connect.friendrequests", "pk": 3, "fields": {"user": 2, "friendship": false, "request": [5]}}, {"model": "connect.friendrequests", "pk": 4, "fields": {"user": 2, "friendship": false, "request": [1]}}, {"model": "connect.friendrequests", "pk": 5, "fields": {"user": 9, "friendship": false, "request": [7]}}, {"model": "connect.friendrequests", "pk": 6, "fields": {"user": 1, "friendship": false, "request": [5]}}, {"model": "connect.friendrequests", "pk": 7, "fields": {"user": 1, "friendship": false, "request": [3]}}, {"model": "Matchmaking.matchmaking", "pk": 1, "fields": {"user": null, "k": "6", "neighbors": []}}, {"model": "Matchmaking.matchmaking", "pk": 28, "fields": {"user": 1, "k": "4", "neighbors": [1, 2, 3, 4]}}, {"model": "Users.userprofile", "pk": 1, "fields": {"user": 1, "bio": "Add more info to your profile!"}}, {"model": "Users.userprofile", "pk": 2, "fields": {"user": 2, "bio": "Add more info to your profile!"}}, {"model": "admin.logentry", "pk": 1, "fields": {"action_time": "2019-02-28T06:28:19.644Z", "user": 1, "content_type": 7, "object_id": "1", "object_repr": "How much do you game?", "action_flag": 1, "change_message": "[{\"added\": {}}]"}}, {"model": "admin.logentry", "pk": 2, "fields": {"action_time": "2019-02-28T06:28:40.931Z", "user": 1, "content_type": 8, "object_id": "1", "object_repr": "Hardly ever, I don\u2019t even know why I am on a site about gaming.", "action_flag": 1, "change_message": "[{\"added\": {}}]"}}, {"model": "admin.logentry", "pk": 3, "fields": {"action_time": "2019-02-28T06:29:05.384Z", "user": 1, "content_type": 8, "object_id": "2", "object_repr": "I like to put in an hour or two on the weekends.", "action_flag": 1, "change_message": "[{\"added\": {}}]"}}, {"model": "admin.logentry", "pk": 4, "fields": {"action_time": "2019-02-28T06:29:08.971Z", "user": 1, "content_type": 8, "object_id": "2", "object_repr": "I like to put in an hour or two on the weekends.", "action_flag": 2, "change_message": "[]"}}, {"model": "admin.logentry", "pk": 5, "fields": {"action_time": "2019-02-28T06:29:20.924Z", "user": 1, "content_type": 8, "object_id": "3", "object_repr": "I tend to play a bit after work/school every other day if I have time.", "action_flag": 1, "change_message": "[{\"added\": {}}]"}}, {"model": "admin.logentry", "pk": 6, "fields": {"action_time": "2019-02-28T06:29:32.501Z", "user": 1, "content_type": 8, "object_id": "4", "object_repr": "I spend most of my free time playing games.", "action_flag": 1, "change_message": "[{\"added\": {}}]"}}, {"model": "admin.logentry", "pk": 7, "fields": {"action_time": "2019-02-28T06:29:48.233Z", "user": 1, "content_type": 8, "object_id": "5", "object_repr": "I only go to work to support my real career as noobSlayer69.", "action_flag": 1, "change_message": "[{\"added\": {}}]"}}, {"model": "admin.logentry", "pk": 8, "fields": {"action_time": "2019-03-02T01:19:48.906Z", "user": 1, "content_type": 9, "object_id": "1", "object_repr": "test", "action_flag": 1, "change_message": "[{\"added\": {}}]"}}, {"model": "admin.logentry", "pk": 9, "fields": {"action_time": "2019-03-02T01:20:02.665Z", "user": 1, "content_type": 7, "object_id": "2", "object_repr": "What is your age?", "action_flag": 1, "change_message": "[{\"added\": {}}]"}}, {"model": "admin.logentry", "pk": 10, "fields": {"action_time": "2019-03-02T01:48:24.427Z", "user": 1, "content_type": 9, "object_id": "2", "object_repr": "General", "action_flag": 1, "change_message": "[{\"added\": {}}]"}}, {"model": "admin.logentry", "pk": 11, "fields": {"action_time": "2019-03-02T01:49:38.050Z", "user": 1, "content_type": 7, "object_id": "2", "object_repr": "What is your age?", "action_flag": 2, "change_message": "[{\"changed\": {\"fields\": [\"category\"]}}]"}}, {"model": "admin.logentry", "pk": 12, "fields": {"action_time": "2019-03-02T01:49:42.977Z", "user": 1, "content_type": 7, "object_id": "1", "object_repr": "How much do you game?", "action_flag": 2, "change_message": "[{\"changed\": {\"fields\": [\"category\"]}}]"}}, {"model": "admin.logentry", "pk": 13, "fields": {"action_time": "2019-03-02T01:49:51.902Z", "user": 1, "content_type": 9, "object_id": "1", "object_repr": "test", "action_flag": 3, "change_message": ""}}, {"model": "admin.logentry", "pk": 14, "fields": {"action_time": "2019-03-02T02:38:09.924Z", "user": 1, "content_type": 8, "object_id": "4", "object_repr": "I spend most of my free time playing games.", "action_flag": 2, "change_message": "[]"}}, {"model": "admin.logentry", "pk": 15, "fields": {"action_time": "2019-03-02T03:41:43.660Z", "user": 1, "content_type": 8, "object_id": "6", "object_repr": "I'm 20", "action_flag": 1, "change_message": "[{\"added\": {}}]"}}, {"model": "admin.logentry", "pk": 16, "fields": {"action_time": "2019-03-02T03:41:59.949Z", "user": 1, "content_type": 8, "object_id": "7", "object_repr": "I'm underage :(", "action_flag": 1, "change_message": "[{\"added\": {}}]"}}, {"model": "admin.logentry", "pk": 17, "fields": {"action_time": "2019-03-02T07:16:02.914Z", "user": 1, "content_type": 7, "object_id": "1", "object_repr": "How much do you game?", "action_flag": 2, "change_message": "[{\"changed\": {\"fields\": [\"answertype\"]}}]"}}, {"model": "admin.logentry", "pk": 18, "fields": {"action_time": "2019-03-02T07:16:12.110Z", "user": 1, "content_type": 7, "object_id": "2", "object_repr": "What is your age?", "action_flag": 2, "change_message": "[{\"changed\": {\"fields\": [\"answertype\"]}}]"}}, {"model": "admin.logentry", "pk": 19, "fields": {"action_time": "2019-03-02T07:24:36.760Z", "user": 1, "content_type": 9, "object_id": "3", "object_repr": "Shooter", "action_flag": 1, "change_message": "[{\"added\": {}}]"}}, {"model": "admin.logentry", "pk": 20, "fields": {"action_time": "2019-03-02T07:24:44.955Z", "user": 1, "content_type": 9, "object_id": "4", "object_repr": "Strategy", "action_flag": 1, "change_message": "[{\"added\": {}}]"}}, {"model": "admin.logentry", "pk": 21, "fields": {"action_time": "2019-03-02T07:24:51.399Z", "user": 1, "content_type": 9, "object_id": "5", "object_repr": "Sandbox", "action_flag": 1, "change_message": "[{\"added\": {}}]"}}, {"model": "admin.logentry", "pk": 22, "fields": {"action_time": "2019-03-02T07:30:23.013Z", "user": 1, "content_type": 7, "object_id": "2", "object_repr": "What is your age?", "action_flag": 2, "change_message": "[]"}}, {"model": "admin.logentry", "pk": 23, "fields": {"action_time": "2019-03-03T23:16:11.559Z", "user": 1, "content_type": 7, "object_id": "3", "object_repr": "This question has no answers and a NULL category.", "action_flag": 1, "change_message": "[{\"added\": {}}]"}}, {"model": "admin.logentry", "pk": 24, "fields": {"action_time": "2019-03-04T02:52:50.396Z", "user": 1, "content_type": 10, "object_id": "7", "object_repr": "ResponseInstances object (7)", "action_flag": 3, "change_message": ""}}, {"model": "admin.logentry", "pk": 25, "fields": {"action_time": "2019-03-04T02:52:50.402Z", "user": 1, "content_type": 10, "object_id": "6", "object_repr": "ResponseInstances object (6)", "action_flag": 3, "change_message": ""}}, {"model": "admin.logentry", "pk": 26, "fields": {"action_time": "2019-03-04T02:52:50.407Z", "user": 1, "content_type": 10, "object_id": "5", "object_repr": "ResponseInstances object (5)", "action_flag": 3, "change_message": ""}}, {"model": "admin.logentry", "pk": 27, "fields": {"action_time": "2019-03-04T02:52:50.411Z", "user": 1, "content_type": 10, "object_id": "4", "object_repr": "ResponseInstances object (4)", "action_flag": 3, "change_message": ""}}, {"model": "admin.logentry", "pk": 28, "fields": {"action_time": "2019-03-04T02:52:50.416Z", "user": 1, "content_type": 10, "object_id": "3", "object_repr": "ResponseInstances object (3)", "action_flag": 3, "change_message": ""}}, {"model": "admin.logentry", "pk": 29, "fields": {"action_time": "2019-03-04T02:52:50.423Z", "user": 1, "content_type": 10, "object_id": "2", "object_repr": "ResponseInstances object (2)", "action_flag": 3, "change_message": ""}}, {"model": "admin.logentry", "pk": 30, "fields": {"action_time": "2019-03-04T02:52:50.437Z", "user": 1, "content_type": 10, "object_id": "1", "object_repr": "ResponseInstances object (1)", "action_flag": 3, "change_message": ""}}, {"model": "admin.logentry", "pk": 31, "fields": {"action_time": "2019-03-04T03:16:01.949Z", "user": 1, "content_type": 7, "object_id": "3", "object_repr": "This question has no answers and a NULL category.", "action_flag": 2, "change_message": "[{\"added\": {\"name\": \"answers\", \"object\": \"Now it has 1 answer\"}}]"}}, {"model": "admin.logentry", "pk": 32, "fields": {"action_time": "2019-03-04T03:21:22.749Z", "user": 1, "content_type": 10, "object_id": "35", "object_repr": "ResponseInstances object (35)", "action_flag": 3, "change_message": ""}}, {"model": "admin.logentry", "pk": 33, "fields": {"action_time": "2019-03-04T03:21:22.756Z", "user": 1, "content_type": 10, "object_id": "34", "object_repr": "ResponseInstances object (34)", "action_flag": 3, "change_message": ""}}, {"model": "admin.logentry", "pk": 34, "fields": {"action_time": "2019-03-04T03:21:22.761Z", "user": 1, "content_type": 10, "object_id": "33", "object_repr": "ResponseInstances object (33)", "action_flag": 3, "change_message": ""}}, {"model": "admin.logentry", "pk": 35, "fields": {"action_time": "2019-03-04T03:21:22.765Z", "user": 1, "content_type": 10, "object_id": "32", "object_repr": "ResponseInstances object (32)", "action_flag": 3, "change_message": ""}}, {"model": "admin.logentry", "pk": 36, "fields": {"action_time": "2019-03-04T03:21:22.769Z", "user": 1, "content_type": 10, "object_id": "31", "object_repr": "ResponseInstances object (31)", "action_flag": 3, "change_message": ""}}, {"model": "admin.logentry", "pk": 37, "fields": {"action_time": "2019-03-04T03:21:22.773Z", "user": 1, "content_type": 10, "object_id": "30", "object_repr": "ResponseInstances object (30)", "action_flag": 3, "change_message": ""}}, {"model": "admin.logentry", "pk": 38, "fields": {"action_time": "2019-03-04T03:21:22.777Z", "user": 1, "content_type": 10, "object_id": "29", "object_repr": "ResponseInstances object (29)", "action_flag": 3, "change_message": ""}}, {"model": "admin.logentry", "pk": 39, "fields": {"action_time": "2019-03-04T03:21:22.781Z", "user": 1, "content_type": 10, "object_id": "28", "object_repr": "ResponseInstances object (28)", "action_flag": 3, "change_message": ""}}, {"model": "admin.logentry", "pk": 40, "fields": {"action_time": "2019-03-04T03:21:22.786Z", "user": 1, "content_type": 10, "object_id": "27", "object_repr": "ResponseInstances object (27)", "action_flag": 3, "change_message": ""}}, {"model": "admin.logentry", "pk": 41, "fields": {"action_time": "2019-03-04T03:21:22.790Z", "user": 1, "content_type": 10, "object_id": "26", "object_repr": "ResponseInstances object (26)", "action_flag": 3, "change_message": ""}}, {"model": "admin.logentry", "pk": 42, "fields": {"action_time": "2019-03-04T03:21:22.795Z", "user": 1, "content_type": 10, "object_id": "25", "object_repr": "ResponseInstances object (25)", "action_flag": 3, "change_message": ""}}, {"model": "admin.logentry", "pk": 43, "fields": {"action_time": "2019-03-04T03:21:22.799Z", "user": 1, "content_type": 10, "object_id": "24", "object_repr": "ResponseInstances object (24)", "action_flag": 3, "change_message": ""}}, {"model": "admin.logentry", "pk": 44, "fields": {"action_time": "2019-03-04T03:21:22.803Z", "user": 1, "content_type": 10, "object_id": "23", "object_repr": "ResponseInstances object (23)", "action_flag": 3, "change_message": ""}}, {"model": "admin.logentry", "pk": 45, "fields": {"action_time": "2019-03-04T03:21:22.807Z", "user": 1, "content_type": 10, "object_id": "22", "object_repr": "ResponseInstances object (22)", "action_flag": 3, "change_message": ""}}, {"model": "admin.logentry", "pk": 46, "fields": {"action_time": "2019-03-04T03:21:22.811Z", "user": 1, "content_type": 10, "object_id": "21", "object_repr": "ResponseInstances object (21)", "action_flag": 3, "change_message": ""}}, {"model": "admin.logentry", "pk": 47, "fields": {"action_time": "2019-03-04T03:21:22.815Z", "user": 1, "content_type": 10, "object_id": "20", "object_repr": "ResponseInstances object (20)", "action_flag": 3, "change_message": ""}}, {"model": "admin.logentry", "pk": 48, "fields": {"action_time": "2019-03-04T03:21:22.819Z", "user": 1, "content_type": 10, "object_id": "19", "object_repr": "ResponseInstances object (19)", "action_flag": 3, "change_message": ""}}, {"model": "admin.logentry", "pk": 49, "fields": {"action_time": "2019-03-04T03:21:22.823Z", "user": 1, "content_type": 10, "object_id": "18", "object_repr": "ResponseInstances object (18)", "action_flag": 3, "change_message": ""}}, {"model": "admin.logentry", "pk": 50, "fields": {"action_time": "2019-03-04T03:21:22.827Z", "user": 1, "content_type": 10, "object_id": "17", "object_repr": "ResponseInstances object (17)", "action_flag": 3, "change_message": ""}}, {"model": "admin.logentry", "pk": 51, "fields": {"action_time": "2019-03-04T03:21:22.831Z", "user": 1, "content_type": 10, "object_id": "16", "object_repr": "ResponseInstances object (16)", "action_flag": 3, "change_message": ""}}, {"model": "admin.logentry", "pk": 52, "fields": {"action_time": "2019-03-04T03:21:22.835Z", "user": 1, "content_type": 10, "object_id": "15", "object_repr": "ResponseInstances object (15)", "action_flag": 3, "change_message": ""}}, {"model": "admin.logentry", "pk": 53, "fields": {"action_time": "2019-03-04T03:21:22.839Z", "user": 1, "content_type": 10, "object_id": "14", "object_repr": "ResponseInstances object (14)", "action_flag": 3, "change_message": ""}}, {"model": "admin.logentry", "pk": 54, "fields": {"action_time": "2019-03-04T03:21:22.844Z", "user": 1, "content_type": 10, "object_id": "13", "object_repr": "ResponseInstances object (13)", "action_flag": 3, "change_message": ""}}, {"model": "admin.logentry", "pk": 55, "fields": {"action_time": "2019-03-04T03:21:22.849Z", "user": 1, "content_type": 10, "object_id": "12", "object_repr": "ResponseInstances object (12)", "action_flag": 3, "change_message": ""}}, {"model": "admin.logentry", "pk": 56, "fields": {"action_time": "2019-03-04T03:21:22.853Z", "user": 1, "content_type": 10, "object_id": "11", "object_repr": "ResponseInstances object (11)", "action_flag": 3, "change_message": ""}}, {"model": "admin.logentry", "pk": 57, "fields": {"action_time": "2019-03-04T03:21:22.857Z", "user": 1, "content_type": 10, "object_id": "10", "object_repr": "ResponseInstances object (10)", "action_flag": 3, "change_message": ""}}, {"model": "admin.logentry", "pk": 58, "fields": {"action_time": "2019-03-04T03:21:22.861Z", "user": 1, "content_type": 10, "object_id": "9", "object_repr": "ResponseInstances object (9)", "action_flag": 3, "change_message": ""}}, {"model": "admin.logentry", "pk": 59, "fields": {"action_time": "2019-03-04T03:21:22.865Z", "user": 1, "content_type": 10, "object_id": "8", "object_repr": "ResponseInstances object (8)", "action_flag": 3, "change_message": ""}}, {"model": "admin.logentry", "pk": 60, "fields": {"action_time": "2019-03-04T05:08:59.416Z", "user": 1, "content_type": 10, "object_id": "29", "object_repr": "ResponseInstances object (29)", "action_flag": 3, "change_message": ""}}, {"model": "admin.logentry", "pk": 61, "fields": {"action_time": "2019-03-04T05:08:59.423Z", "user": 1, "content_type": 10, "object_id": "28", "object_repr": "ResponseInstances object (28)", "action_flag": 3, "change_message": ""}}, {"model": "admin.logentry", "pk": 62, "fields": {"action_time": "2019-03-04T05:08:59.427Z", "user": 1, "content_type": 10, "object_id": "27", "object_repr": "ResponseInstances object (27)", "action_flag": 3, "change_message": ""}}, {"model": "admin.logentry", "pk": 63, "fields": {"action_time": "2019-03-04T05:08:59.432Z", "user": 1, "content_type": 10, "object_id": "26", "object_repr": "ResponseInstances object (26)", "action_flag": 3, "change_message": ""}}, {"model": "admin.logentry", "pk": 64, "fields": {"action_time": "2019-03-04T05:08:59.436Z", "user": 1, "content_type": 10, "object_id": "25", "object_repr": "ResponseInstances object (25)", "action_flag": 3, "change_message": ""}}, {"model": "admin.logentry", "pk": 65, "fields": {"action_time": "2019-03-04T05:08:59.441Z", "user": 1, "content_type": 10, "object_id": "24", "object_repr": "ResponseInstances object (24)", "action_flag": 3, "change_message": ""}}, {"model": "admin.logentry", "pk": 66, "fields": {"action_time": "2019-03-04T05:08:59.445Z", "user": 1, "content_type": 10, "object_id": "23", "object_repr": "ResponseInstances object (23)", "action_flag": 3, "change_message": ""}}, {"model": "admin.logentry", "pk": 67, "fields": {"action_time": "2019-03-04T05:08:59.449Z", "user": 1, "content_type": 10, "object_id": "22", "object_repr": "ResponseInstances object (22)", "action_flag": 3, "change_message": ""}}, {"model": "admin.logentry", "pk": 68, "fields": {"action_time": "2019-03-04T05:08:59.453Z", "user": 1, "content_type": 10, "object_id": "21", "object_repr": "ResponseInstances object (21)", "action_flag": 3, "change_message": ""}}, {"model": "admin.logentry", "pk": 69, "fields": {"action_time": "2019-03-04T05:08:59.458Z", "user": 1, "content_type": 10, "object_id": "20", "object_repr": "ResponseInstances object (20)", "action_flag": 3, "change_message": ""}}, {"model": "admin.logentry", "pk": 70, "fields": {"action_time": "2019-03-04T05:08:59.461Z", "user": 1, "content_type": 10, "object_id": "19", "object_repr": "ResponseInstances object (19)", "action_flag": 3, "change_message": ""}}, {"model": "admin.logentry", "pk": 71, "fields": {"action_time": "2019-03-04T05:08:59.466Z", "user": 1, "content_type": 10, "object_id": "18", "object_repr": "ResponseInstances object (18)", "action_flag": 3, "change_message": ""}}, {"model": "admin.logentry", "pk": 72, "fields": {"action_time": "2019-03-04T05:08:59.470Z", "user": 1, "content_type": 10, "object_id": "17", "object_repr": "ResponseInstances object (17)", "action_flag": 3, "change_message": ""}}, {"model": "admin.logentry", "pk": 73, "fields": {"action_time": "2019-03-04T05:08:59.475Z", "user": 1, "content_type": 10, "object_id": "16", "object_repr": "ResponseInstances object (16)", "action_flag": 3, "change_message": ""}}, {"model": "admin.logentry", "pk": 74, "fields": {"action_time": "2019-03-04T05:08:59.479Z", "user": 1, "content_type": 10, "object_id": "15", "object_repr": "ResponseInstances object (15)", "action_flag": 3, "change_message": ""}}, {"model": "admin.logentry", "pk": 75, "fields": {"action_time": "2019-03-04T05:08:59.483Z", "user": 1, "content_type": 10, "object_id": "14", "object_repr": "ResponseInstances object (14)", "action_flag": 3, "change_message": ""}}, {"model": "admin.logentry", "pk": 76, "fields": {"action_time": "2019-03-04T05:08:59.487Z", "user": 1, "content_type": 10, "object_id": "13", "object_repr": "ResponseInstances object (13)", "action_flag": 3, "change_message": ""}}, {"model": "admin.logentry", "pk": 77, "fields": {"action_time": "2019-03-04T05:08:59.491Z", "user": 1, "content_type": 10, "object_id": "12", "object_repr": "ResponseInstances object (12)", "action_flag": 3, "change_message": ""}}, {"model": "admin.logentry", "pk": 78, "fields": {"action_time": "2019-03-04T05:08:59.495Z", "user": 1, "content_type": 10, "object_id": "11", "object_repr": "ResponseInstances object (11)", "action_flag": 3, "change_message": ""}}, {"model": "admin.logentry", "pk": 79, "fields": {"action_time": "2019-03-04T05:08:59.499Z", "user": 1, "content_type": 10, "object_id": "10", "object_repr": "ResponseInstances object (10)", "action_flag": 3, "change_message": ""}}, {"model": "admin.logentry", "pk": 80, "fields": {"action_time": "2019-03-04T05:08:59.503Z", "user": 1, "content_type": 10, "object_id": "9", "object_repr": "ResponseInstances object (9)", "action_flag": 3, "change_message": ""}}, {"model": "admin.logentry", "pk": 81, "fields": {"action_time": "2019-03-04T05:08:59.507Z", "user": 1, "content_type": 10, "object_id": "8", "object_repr": "ResponseInstances object (8)", "action_flag": 3, "change_message": ""}}, {"model": "admin.logentry", "pk": 82, "fields": {"action_time": "2019-03-04T05:08:59.511Z", "user": 1, "content_type": 10, "object_id": "7", "object_repr": "ResponseInstances object (7)", "action_flag": 3, "change_message": ""}}, {"model": "admin.logentry", "pk": 83, "fields": {"action_time": "2019-03-04T05:08:59.515Z", "user": 1, "content_type": 10, "object_id": "6", "object_repr": "ResponseInstances object (6)", "action_flag": 3, "change_message": ""}}, {"model": "admin.logentry", "pk": 84, "fields": {"action_time": "2019-03-04T05:08:59.519Z", "user": 1, "content_type": 10, "object_id": "5", "object_repr": "ResponseInstances object (5)", "action_flag": 3, "change_message": ""}}, {"model": "admin.logentry", "pk": 85, "fields": {"action_time": "2019-03-04T05:08:59.524Z", "user": 1, "content_type": 10, "object_id": "4", "object_repr": "ResponseInstances object (4)", "action_flag": 3, "change_message": ""}}, {"model": "admin.logentry", "pk": 86, "fields": {"action_time": "2019-03-04T05:08:59.528Z", "user": 1, "content_type": 10, "object_id": "3", "object_repr": "ResponseInstances object (3)", "action_flag": 3, "change_message": ""}}, {"model": "admin.logentry", "pk": 87, "fields": {"action_time": "2019-03-04T05:08:59.532Z", "user": 1, "content_type": 10, "object_id": "2", "object_repr": "ResponseInstances object (2)", "action_flag": 3, "change_message": ""}}, {"model": "admin.logentry", "pk": 88, "fields": {"action_time": "2019-03-04T05:08:59.537Z", "user": 1, "content_type": 10, "object_id": "1", "object_repr": "ResponseInstances object (1)", "action_flag": 3, "change_message": ""}}, {"model": "admin.logentry", "pk": 89, "fields": {"action_time": "2019-04-07T06:36:45.805Z", "user": 2, "content_type": 12, "object_id": "1", "object_repr": "FriendRequests object (1)", "action_flag": 1, "change_message": "[{\"added\": {}}]"}}, {"model": "admin.logentry", "pk": 90, "fields": {"action_time": "2019-04-07T06:36:49.227Z", "user": 2, "content_type": 12, "object_id": "2", "object_repr": "FriendRequests object (2)", "action_flag": 1, "change_message": "[{\"added\": {}}]"}}, {"model": "admin.logentry", "pk": 91, "fields": {"action_time": "2019-04-07T06:36:52.348Z", "user": 2, "content_type": 12, "object_id": "3", "object_repr": "FriendRequests object (3)", "action_flag": 1, "change_message": "[{\"added\": {}}]"}}, {"model": "admin.logentry", "pk": 92, "fields": {"action_time": "2019-04-07T06:36:55.604Z", "user": 2, "content_type": 12, "object_id": "4", "object_repr": "FriendRequests object (4)", "action_flag": 1, "change_message": "[{\"added\": {}}]"}}, {"model": "admin.logentry", "pk": 93, "fields": {"action_time": "2019-04-07T06:37:26.307Z", "user": 2, "content_type": 12, "object_id": "4", "object_repr": "FriendRequests object (4)", "action_flag": 2, "change_message": "[]"}}, {"model": "admin.logentry", "pk": 94, "fields": {"action_time": "2019-04-07T06:38:45.734Z", "user": 2, "content_type": 12, "object_id": "4", "object_repr": "FriendRequests object (4)", "action_flag": 2, "change_message": "[{\"changed\": {\"fields\": [\"request\"]}}]"}}, {"model": "admin.logentry", "pk": 95, "fields": {"action_time": "2019-04-07T06:58:49.208Z", "user": 2, "content_type": 12, "object_id": "5", "object_repr": "FriendRequests object (5)", "action_flag": 1, "change_message": "[{\"added\": {}}]"}}, {"model": "admin.logentry", "pk": 96, "fields": {"action_time": "2019-04-07T06:59:10.799Z", "user": 2, "content_type": 12, "object_id": "3", "object_repr": "FriendRequests object (3)", "action_flag": 2, "change_message": "[{\"changed\": {\"fields\": [\"user\"]}}]"}}, {"model": "admin.logentry", "pk": 97, "fields": {"action_time": "2019-04-07T06:59:15.143Z", "user": 2, "content_type": 12, "object_id": "1", "object_repr": "FriendRequests object (1)", "action_flag": 2, "change_message": "[{\"changed\": {\"fields\": [\"user\"]}}]"}}, {"model": "admin.logentry", "pk": 98, "fields": {"action_time": "2019-04-07T06:59:18.230Z", "user": 2, "content_type": 12, "object_id": "1", "object_repr": "FriendRequests object (1)", "action_flag": 2, "change_message": "[]"}}, {"model": "admin.logentry", "pk": 99, "fields": {"action_time": "2019-04-07T06:59:23.758Z", "user": 2, "content_type": 12, "object_id": "2", "object_repr": "FriendRequests object (2)", "action_flag": 2, "change_message": "[{\"changed\": {\"fields\": [\"user\"]}}]"}}, {"model": "admin.logentry", "pk": 100, "fields": {"action_time": "2019-04-07T06:59:28.023Z", "user": 2, "content_type": 12, "object_id": "4", "object_repr": "FriendRequests object (4)", "action_flag": 2, "change_message": "[{\"changed\": {\"fields\": [\"user\"]}}]"}}, {"model": "admin.logentry", "pk": 101, "fields": {"action_time": "2019-04-07T06:59:30.662Z", "user": 2, "content_type": 12, "object_id": "3", "object_repr": "FriendRequests object (3)", "action_flag": 2, "change_message": "[]"}}, {"model": "admin.logentry", "pk": 102, "fields": {"action_time": "2019-04-07T06:59:34.838Z", "user": 2, "content_type": 12, "object_id": "5", "object_repr": "FriendRequests object (5)", "action_flag": 2, "change_message": "[]"}}, {"model": "admin.logentry", "pk": 103, "fields": {"action_time": "2019-04-09T22:37:14.656Z", "user": 1, "content_type": 12, "object_id": "6", "object_repr": "FriendRequests object (6)", "action_flag": 1, "change_message": "[{\"added\": {}}]"}}, {"model": "admin.logentry", "pk": 104, "fields": {"action_time": "2019-04-09T22:37:28.518Z", "user": 1, "content_type": 12, "object_id": "7", "object_repr": "FriendRequests object (7)", "action_flag": 1, "change_message": "[{\"added\": {}}]"}}, {"model": "admin.logentry", "pk": 105, "fields": {"action_time": "2019-04-10T05:07:09.356Z", "user": 2, "content_type": 7, "object_id": "2", "object_repr": "What is your age?", "action_flag": 2, "change_message": "[{\"added\": {\"name\": \"answers\", \"object\": \"21-25\"}}, {\"added\": {\"name\": \"answers\", \"object\": \"25-30\"}}, {\"added\": {\"name\": \"answers\", \"object\": \"30+\"}}, {\"changed\": {\"name\": \"answers\", \"object\": \"I'm underage :(\", \"fields\": [\"answer\", \"KNNvalue\"]}}, {\"changed\": {\"name\": \"answers\", \"object\": \"18 - 21\", \"fields\": [\"answer\", \"KNNvalue\"]}}]"}}, {"model": "admin.logentry", "pk": 106, "fields": {"action_time": "2019-04-10T05:09:13.738Z", "user": 2, "content_type": 7, "object_id": "4", "object_repr": "How much do you communicate in-game?", "action_flag": 1, "change_message": "[{\"added\": {}}, {\"added\": {\"name\": \"answers\", \"object\": \"I don\\u2019t normally communicate with my teammates.\"}}, {\"added\": {\"name\": \"answers\", \"object\": \"I only ever use text chat.\"}}, {\"added\": {\"name\": \"answers\", \"object\": \"I use voice chat, but don\\u2019t normally do callouts and prefer to just hangout in chat.\"}}, {\"added\": {\"name\": \"answers\", \"object\": \"I use voice chat, do callouts, and tend to talk a lot in-game.\"}}]"}}, {"model": "admin.logentry", "pk": 107, "fields": {"action_time": "2019-04-10T05:11:00.343Z", "user": 2, "content_type": 7, "object_id": "5", "object_repr": "Which class of character types are your favorite to play?", "action_flag": 1, "change_message": "[{\"added\": {}}, {\"added\": {\"name\": \"answers\", \"object\": \"DPS\"}}, {\"added\": {\"name\": \"answers\", \"object\": \"Special i.e. Mage/Thief\"}}, {\"added\": {\"name\": \"answers\", \"object\": \"Tank\"}}, {\"added\": {\"name\": \"answers\", \"object\": \"Healer/Support\"}}]"}}, {"model": "admin.logentry", "pk": 108, "fields": {"action_time": "2019-04-10T05:12:53.988Z", "user": 2, "content_type": 7, "object_id": "6", "object_repr": "How much of a teacher are you?", "action_flag": 1, "change_message": "[{\"added\": {}}, {\"added\": {\"name\": \"answers\", \"object\": \"I\\u2019m a terrible teacher and have trouble/prefer not to listen to others when they try to teach me something in-game.\"}}, {\"added\": {\"name\": \"answers\", \"object\": \"I don\\u2019t teach other players, but I learn from others\\u2019 teaching really well or at least I try to listen to them.\"}}, {\"added\": {\"name\": \"answers\", \"object\": \"I don\\u2019t often coach or teach other players, but when I see them making a big mistake in-game I will help by pointing it out.\"}}, {\"added\": {\"name\": \"answers\", \"object\": \"I love coaching and teaching other players, I do it all the time in-game.\"}}, {\"added\": {\"name\": \"answers\", \"object\": \"I am a professional coach for a game.\"}}]"}}, {"model": "admin.logentry", "pk": 109, "fields": {"action_time": "2019-04-10T05:14:52.186Z", "user": 2, "content_type": 7, "object_id": "7", "object_repr": "Why do you normally play games/what is your motivation?", "action_flag": 1, "change_message": "[{\"added\": {}}, {\"added\": {\"name\": \"answers\", \"object\": \"I play games just to pass time and never really get invested in them.\"}}, {\"added\": {\"name\": \"answers\", \"object\": \"I play games casually and occasionally will get very invested in a game.\"}}, {\"added\": {\"name\": \"answers\", \"object\": \"I play games on a daily basis, but still take time out of my day to do other things. I wouldn\\u2019t really consider myself a casual gamer or a hardcore gamer, but somewhere in-between.\"}}, {\"added\": {\"name\": \"answers\", \"object\": \"I play video games very rigorously, gaming matters a lot to me and I dedicate a lot of time to getting good at the games I enjoy.\"}}, {\"added\": {\"name\": \"answers\", \"object\": \"I am a professional gamer for a esports team or am trying to be.\"}}]"}}, {"model": "admin.logentry", "pk": 110, "fields": {"action_time": "2019-04-10T05:16:30.462Z", "user": 2, "content_type": 7, "object_id": "8", "object_repr": "If I am in game and I hear my team staying back to make plans and strategize a way to attack the game\u2019s opposing team I will:", "action_flag": 1, "change_message": "[{\"added\": {}}, {\"added\": {\"name\": \"answers\", \"object\": \"Disregard what my teammates are doing, they\\u2019re taking to long anyways, I\\u2019ll just rush in and do what I want. Leeroooooy Jeeeenkiiiiins!\"}}, {\"added\": {\"name\": \"answers\", \"object\": \"Hang around my team, but not really listen to what they are saying. I\\u2019ll just wait for them to start moving into action and then I\\u2019ll follow them.\"}}, {\"added\": {\"name\": \"answers\", \"object\": \"Wait and actively listen to what my team is saying, then put into motion the plan they laid out when it\\u2019s time.\"}}, {\"added\": {\"name\": \"answers\", \"object\": \"Strategize with them, maybe I can help and we will come up with the best plan of attack.\"}}, {\"added\": {\"name\": \"answers\", \"object\": \"I\\u2019m the one who asked my team to stay back to strategize.\"}}]"}}, {"model": "admin.logentry", "pk": 111, "fields": {"action_time": "2019-04-10T05:18:48.948Z", "user": 2, "content_type": 7, "object_id": "9", "object_repr": "How much do you practice/watch guides on games you play?", "action_flag": 1, "change_message": "[{\"added\": {}}, {\"added\": {\"name\": \"answers\", \"object\": \"That\\u2019s a thing?\"}}, {\"added\": {\"name\": \"answers\", \"object\": \"I might watch a good player on twitch/youtube in the background while I am doing other stuff.\"}}, {\"added\": {\"name\": \"answers\", \"object\": \"I look up information for the games, so I know all the abilities and damage numbers.\"}}, {\"added\": {\"name\": \"answers\", \"object\": \"I watch all the guides that come out and practice against bots if the games has a way to do that.\"}}, {\"added\": {\"name\": \"answers\", \"object\": \"Not only do I watch all the guides but I make them too.\"}}]"}}, {"model": "admin.logentry", "pk": 112, "fields": {"action_time": "2019-04-10T05:20:19.196Z", "user": 2, "content_type": 7, "object_id": "10", "object_repr": "Your teammate is tilting hard in the game and talking trash to everyone. Do you:", "action_flag": 1, "change_message": "[{\"added\": {}}, {\"added\": {\"name\": \"answers\", \"object\": \"Talk trash back and let them know that they are messing up too.\"}}, {\"added\": {\"name\": \"answers\", \"object\": \"Wait till end of match to let them know how you feel.\"}}, {\"added\": {\"name\": \"answers\", \"object\": \"Just mute them and play as if they aren\\u2019t there.\"}}, {\"added\": {\"name\": \"answers\", \"object\": \"Try to calm them down and see what they want to change so you can win.\"}}, {\"added\": {\"name\": \"answers\", \"object\": \"Try to figure out who hurt them and tell them everything will be ok.\"}}]"}}, {"model": "admin.logentry", "pk": 113, "fields": {"action_time": "2019-04-10T05:21:56.068Z", "user": 2, "content_type": 7, "object_id": "11", "object_repr": "If you are getting really stomped in a game again and again and the people/person you are playing against seem to be either super good or hacking, what do you do?", "action_flag": 1, "change_message": "[{\"added\": {}}, {\"added\": {\"name\": \"answers\", \"object\": \"Well looks like I need a new monitor and mouse, because I threw my mouse through my monitor.\"}}, {\"added\": {\"name\": \"answers\", \"object\": \"I call them out for hacking and rage quit.\"}}, {\"added\": {\"name\": \"answers\", \"object\": \"I ask my teammates if the person/s seem fishy and watch them.\"}}, {\"added\": {\"name\": \"answers\", \"object\": \"I watch what they are doing and see if I can figure out a way to counter it or imitate.\"}}, {\"added\": {\"name\": \"answers\", \"object\": \"I ask them if I can become their padawan.\"}}]"}}]